11,I always follow the rules.,2018-10-25T05:17:10+00:00,Flightorfighter
,title,time_submitted,author,comments link
0,"2 years and 1 baby later, my husband finally finished his massive hidden object tortoise.",2018-10-26T12:27:30+00:00,insignificantjump,https://old.reddit.com/r/pics/comments/9rk9vz/2_years_and_1_baby_later_my_husband_finally/
1,Just keep going straight.,2018-10-26T18:27:59+00:00,JaceAltair,https://old.reddit.com/r/funny/comments/9rnawg/just_keep_going_straight/
2,Blue screen of death,2018-10-26T09:46:19+00:00,SwishSwashSwoosh,https://old.reddit.com/r/funny/comments/9rjbek/blue_screen_of_death/
3,Uber driver hair formed a perfect 25.,2018-10-26T05:27:59+00:00,Steln,https://old.reddit.com/r/mildlyinteresting/comments/9rhysu/uber_driver_hair_formed_a_perfect_25/
4,Ever been licked so hard it drags you across the ground?,2018-10-26T09:15:16+00:00,Petaaa,https://old.reddit.com/r/aww/comments/9rj5hq/ever_been_licked_so_hard_it_drags_you_across_the/
5,Congratulations to Red Dead for nearly being as good as Wii Sports,2018-10-26T07:52:04+00:00,wiiisportsmiimes,https://old.reddit.com/r/gaming/comments/9riqs8/congratulations_to_red_dead_for_nearly_being_as/
6,He's practicing for pageants.,2018-10-26T13:21:52+00:00,PM_ME_STEAM_K3YS,https://old.reddit.com/r/gifs/comments/9rko75/hes_practicing_for_pageants/
7,Van Gogh Halloween costume,2018-10-26T14:21:36+00:00,etymologynerd,https://old.reddit.com/r/interestingasfuck/comments/9rl5io/van_gogh_halloween_costume/
8,The MAGA-Bomber‚Äôs van.,2018-10-26T15:51:23+00:00,creamdreammeme,https://old.reddit.com/r/pics/comments/9rlx52/the_magabombers_van/
9,TIL lack of personal hygiene and body smell is such an issue at Super Smash Bros tournaments that some tournaments now disqualify players not keeping up with hygiene and even resorted to passing out deodorant.,2018-10-26T05:43:52+00:00,shaka_sulu,https://old.reddit.com/r/todayilearned/comments/9ri274/til_lack_of_personal_hygiene_and_body_smell_is/
10,Good Morning from Alabama!!,2018-10-26T14:37:05+00:00,Calirose65,https://old.reddit.com/r/aww/comments/9rl9tq/good_morning_from_alabama/
11,"TIL while assisting displaced Vietnamese refuge seekers, actress Tippi Hedren's fingernails intrigued the women. She flew in her personal manicurist & recruited experts to teach them nail care. 80% of nail technicians in California are now Vietnamese‚Äîmany descendants of the women Hedren helped",2018-10-26T12:58:34+00:00,holyfruits,https://old.reddit.com/r/todayilearned/comments/9rkhq2/til_while_assisting_displaced_vietnamese_refuge/
12,"When my neighbour‚Äôs dog comes over and always wants to play. We live on the end of a dead-end road in the country so he comes over all the time. It‚Äôs great, like he‚Äôs my dog for a hour a day.",2018-10-26T03:18:15+00:00,Alexfromeast,https://old.reddit.com/r/aww/comments/9rh5ao/when_my_neighbours_dog_comes_over_and_always/
13,18 Year difference.,2018-10-26T11:13:10+00:00,MasterKhan_,https://old.reddit.com/r/gaming/comments/9rjsx0/18_year_difference/
14,Fahrenheit is basically asking humans how hot it feels. Celsius is basically asking water how hot it feels. Kelvin is basically asking atoms how hot it feels.,2018-10-26T17:18:57+00:00,nitarek,https://old.reddit.com/r/Showerthoughts/comments/9rmpe5/fahrenheit_is_basically_asking_humans_how_hot_it/
15,"I was trying to be as accurate as possible, and discovered The Rock had a napkin under his elbow... Keeping it clean since the 80's",2018-10-26T12:11:12+00:00,the-narnia-closet,https://old.reddit.com/r/funny/comments/9rk62h/i_was_trying_to_be_as_accurate_as_possible_and/
16,Doggo is boss,2018-10-26T10:34:56+00:00,NoGrapefruit7,https://old.reddit.com/r/rarepuppers/comments/9rjl3o/doggo_is_boss/
17,Humans are most physically vulnerable when naked yet nothing is more physically threatening than a naked person running at you.,2018-10-26T03:48:42+00:00,Traies,https://old.reddit.com/r/Showerthoughts/comments/9rhcio/humans_are_most_physically_vulnerable_when_naked/
18,Arrest Made in Connection to Suspicious Packages,2018-10-26T15:03:28+00:00,Rev0d,https://old.reddit.com/r/news/comments/9rlhyr/arrest_made_in_connection_to_suspicious_packages/
19,Look at his stupid face,2018-10-26T15:43:53+00:00,sonofarex,https://old.reddit.com/r/funny/comments/9rlut7/look_at_his_stupid_face/
20,My twin cats meeting their new baby brother! üòπ‚ù§Ô∏è,2018-10-26T06:36:22+00:00,Grodeur,https://old.reddit.com/r/pics/comments/9ricg1/my_twin_cats_meeting_their_new_baby_brother/
21,Better start installing,2018-10-26T17:02:46+00:00,Snow776,https://old.reddit.com/r/gaming/comments/9rmk4n/better_start_installing/
22,Using a hotknife to cut away excess foxing tape from a pair of Vans,2018-10-26T18:10:41+00:00,even_keel,https://old.reddit.com/r/oddlysatisfying/comments/9rn5vk/using_a_hotknife_to_cut_away_excess_foxing_tape/
23,My home country's road...,2018-10-26T12:56:06+00:00,aputhuss,https://old.reddit.com/r/BlackPeopleTwitter/comments/9rkh27/my_home_countrys_road/
24,Adopted this handsome boy from the shelter yesterday,2018-10-26T17:54:41+00:00,ztaag,https://old.reddit.com/r/aww/comments/9rn0ru/adopted_this_handsome_boy_from_the_shelter/
